{
  "version": 1,
  "author": "Anonymous maker",
  "editor": "wokwi",
  "parts": [
    { "type": "wokwi-arduino-uno", "id": "uno", "top": 0.6, "left": -115.8, "attrs": {} },
    {
      "type": "board-ssd1306",
      "id": "oled1",
      "top": 233.54,
      "left": -9.37,
      "attrs": { "i2cAddress": "0x3c" }
    }
  ],
  "connections": [
    [ "oled1:VCC", "uno:5V", "red", [ "v0" ] ],
    [ "oled1:GND", "uno:GND.1", "black", [ "v0" ] ],
    [ "oled1:SCL", "uno:A5", "green", [ "v0" ] ],
    [ "oled1:SDA", "uno:A4", "green", [ "v0" ] ]
  ],
  "dependencies": {}
}