{
  "version": 1,
  "author": "Anonymous maker",
  "editor": "wokwi",
  "parts": [
    { "type": "wokwi-arduino-uno", "id": "uno", "top": 0, "left": 0, "attrs": {} },
    { "type": "wokwi-hc-sr04", "id": "ultrasonic1", "top": -142.5, "left": 72.7, "attrs": {} }
  ],
  "connections": [
    [ "ultrasonic1:VCC", "uno:5V", "red", [ "v0" ] ],
    [ "ultrasonic1:TRIG", "uno:GND.1", "green", [ "v0" ] ],
    [ "ultrasonic1:ECHO", "uno:9", "green", [ "v0" ] ],
    [ "ultrasonic1:GND", "uno:10", "black", [ "v0" ] ]
  ],
  "dependencies": {}
}